#term ID	term description	observed gene count	background gene count	strength	false discovery rate	matching proteins in your network (IDs)	matching proteins in your network (labels)
GO:0045934	negative regulation of nucleobase-containing compound metabolic process	13	1424	0.95	1.38e-07	9606.ENSP00000212015,9606.ENSP00000258149,9606.ENSP00000263212,9606.ENSP00000269305,9606.ENSP00000310670,9606.ENSP00000328773,9606.ENSP00000338272,9606.ENSP00000339566,9606.ENSP00000344456,9606.ENSP00000356150,9606.ENSP00000371267,9606.ENSP00000371475,9606.ENSP00000406037	SIRT1,MDM2,PPM1F,TP53,CCAR2,HEXIM1,HEY1,HIST1H1C,CTNNB1,MDM4,YWHAQ,TP53BP1,KAT8
GO:0045892	negative regulation of transcription, DNA-templated	12	1169	1.0	1.50e-07	9606.ENSP00000212015,9606.ENSP00000258149,9606.ENSP00000263212,9606.ENSP00000269305,9606.ENSP00000310670,9606.ENSP00000328773,9606.ENSP00000338272,9606.ENSP00000339566,9606.ENSP00000344456,9606.ENSP00000356150,9606.ENSP00000371267,9606.ENSP00000406037	SIRT1,MDM2,PPM1F,TP53,CCAR2,HEXIM1,HEY1,HIST1H1C,CTNNB1,MDM4,YWHAQ,KAT8
GO:0010629	negative regulation of gene expression	13	1670	0.88	1.98e-07	9606.ENSP00000212015,9606.ENSP00000258149,9606.ENSP00000263212,9606.ENSP00000269305,9606.ENSP00000310670,9606.ENSP00000328773,9606.ENSP00000338272,9606.ENSP00000339566,9606.ENSP00000344456,9606.ENSP00000356150,9606.ENSP00000371267,9606.ENSP00000406037,9606.ENSP00000425133	SIRT1,MDM2,PPM1F,TP53,CCAR2,HEXIM1,HEY1,HIST1H1C,CTNNB1,MDM4,YWHAQ,KAT8,SMG7
GO:1901796	regulation of signal transduction by p53 class mediator	6	129	1.66	5.33e-07	9606.ENSP00000212015,9606.ENSP00000258149,9606.ENSP00000269305,9606.ENSP00000328773,9606.ENSP00000356150,9606.ENSP00000361186	SIRT1,MDM2,TP53,HEXIM1,MDM4,TP53RK
GO:0010605	negative regulation of macromolecule metabolic process	14	2558	0.73	1.11e-06	9606.ENSP00000212015,9606.ENSP00000258149,9606.ENSP00000263212,9606.ENSP00000269305,9606.ENSP00000310670,9606.ENSP00000328773,9606.ENSP00000338272,9606.ENSP00000339566,9606.ENSP00000344456,9606.ENSP00000356150,9606.ENSP00000371267,9606.ENSP00000371475,9606.ENSP00000406037,9606.ENSP00000425133	SIRT1,MDM2,PPM1F,TP53,CCAR2,HEXIM1,HEY1,HIST1H1C,CTNNB1,MDM4,YWHAQ,TP53BP1,KAT8,SMG7
GO:0044260	cellular macromolecule metabolic process	18	6413	0.44	1.81e-05	9606.ENSP00000212015,9606.ENSP00000254719,9606.ENSP00000255977,9606.ENSP00000258149,9606.ENSP00000263212,9606.ENSP00000269305,9606.ENSP00000310670,9606.ENSP00000319192,9606.ENSP00000328773,9606.ENSP00000329357,9606.ENSP00000338272,9606.ENSP00000339566,9606.ENSP00000344456,9606.ENSP00000356150,9606.ENSP00000361186,9606.ENSP00000371475,9606.ENSP00000406037,9606.ENSP00000425133	SIRT1,RPA1,MKRN1,MDM2,PPM1F,TP53,CCAR2,STK17A,HEXIM1,SP1,HEY1,HIST1H1C,CTNNB1,MDM4,TP53RK,TP53BP1,KAT8,SMG7
GO:0051252	regulation of RNA metabolic process	15	3890	0.58	1.81e-05	9606.ENSP00000212015,9606.ENSP00000258149,9606.ENSP00000263212,9606.ENSP00000269305,9606.ENSP00000310670,9606.ENSP00000328773,9606.ENSP00000329357,9606.ENSP00000338272,9606.ENSP00000339566,9606.ENSP00000344456,9606.ENSP00000356150,9606.ENSP00000371267,9606.ENSP00000371475,9606.ENSP00000406037,9606.ENSP00000425133	SIRT1,MDM2,PPM1F,TP53,CCAR2,HEXIM1,SP1,HEY1,HIST1H1C,CTNNB1,MDM4,YWHAQ,TP53BP1,KAT8,SMG7
GO:0071479	cellular response to ionizing radiation	4	64	1.79	5.55e-05	9606.ENSP00000212015,9606.ENSP00000258149,9606.ENSP00000269305,9606.ENSP00000371475	SIRT1,MDM2,TP53,TP53BP1
GO:0000122	negative regulation of transcription by RNA polymerase II	8	809	0.99	6.10e-05	9606.ENSP00000212015,9606.ENSP00000258149,9606.ENSP00000269305,9606.ENSP00000328773,9606.ENSP00000338272,9606.ENSP00000339566,9606.ENSP00000344456,9606.ENSP00000356150	SIRT1,MDM2,TP53,HEXIM1,HEY1,HIST1H1C,CTNNB1,MDM4
GO:0006355	regulation of transcription, DNA-templated	14	3661	0.57	6.57e-05	9606.ENSP00000212015,9606.ENSP00000258149,9606.ENSP00000263212,9606.ENSP00000269305,9606.ENSP00000310670,9606.ENSP00000328773,9606.ENSP00000329357,9606.ENSP00000338272,9606.ENSP00000339566,9606.ENSP00000344456,9606.ENSP00000356150,9606.ENSP00000371267,9606.ENSP00000371475,9606.ENSP00000406037	SIRT1,MDM2,PPM1F,TP53,CCAR2,HEXIM1,SP1,HEY1,HIST1H1C,CTNNB1,MDM4,YWHAQ,TP53BP1,KAT8
GO:2001021	negative regulation of response to DNA damage stimulus	4	74	1.72	7.64e-05	9606.ENSP00000212015,9606.ENSP00000258149,9606.ENSP00000310670,9606.ENSP00000371475	SIRT1,MDM2,CCAR2,TP53BP1
GO:0010468	regulation of gene expression	15	4533	0.51	9.44e-05	9606.ENSP00000212015,9606.ENSP00000258149,9606.ENSP00000263212,9606.ENSP00000269305,9606.ENSP00000310670,9606.ENSP00000328773,9606.ENSP00000329357,9606.ENSP00000338272,9606.ENSP00000339566,9606.ENSP00000344456,9606.ENSP00000356150,9606.ENSP00000371267,9606.ENSP00000371475,9606.ENSP00000406037,9606.ENSP00000425133	SIRT1,MDM2,PPM1F,TP53,CCAR2,HEXIM1,SP1,HEY1,HIST1H1C,CTNNB1,MDM4,YWHAQ,TP53BP1,KAT8,SMG7
GO:0043065	positive regulation of apoptotic process	7	604	1.05	9.93e-05	9606.ENSP00000212015,9606.ENSP00000263212,9606.ENSP00000269305,9606.ENSP00000310670,9606.ENSP00000319192,9606.ENSP00000344456,9606.ENSP00000371267	SIRT1,PPM1F,TP53,CCAR2,STK17A,CTNNB1,YWHAQ
GO:2001233	regulation of apoptotic signaling pathway	6	388	1.18	0.00012	9606.ENSP00000212015,9606.ENSP00000258149,9606.ENSP00000269305,9606.ENSP00000310670,9606.ENSP00000344456,9606.ENSP00000371267	SIRT1,MDM2,TP53,CCAR2,CTNNB1,YWHAQ
GO:0051276	chromosome organization	8	999	0.89	0.00018	9606.ENSP00000212015,9606.ENSP00000254719,9606.ENSP00000263212,9606.ENSP00000269305,9606.ENSP00000339566,9606.ENSP00000344456,9606.ENSP00000406037,9606.ENSP00000425133	SIRT1,RPA1,PPM1F,TP53,HIST1H1C,CTNNB1,KAT8,SMG7
GO:0048522	positive regulation of cellular process	15	4898	0.48	0.00020	9606.ENSP00000212015,9606.ENSP00000254719,9606.ENSP00000258149,9606.ENSP00000263212,9606.ENSP00000269305,9606.ENSP00000310670,9606.ENSP00000319192,9606.ENSP00000328773,9606.ENSP00000329357,9606.ENSP00000338272,9606.ENSP00000344456,9606.ENSP00000356150,9606.ENSP00000371267,9606.ENSP00000371475,9606.ENSP00000406037	SIRT1,RPA1,MDM2,PPM1F,TP53,CCAR2,STK17A,HEXIM1,SP1,HEY1,CTNNB1,MDM4,YWHAQ,TP53BP1,KAT8
GO:0006974	cellular response to DNA damage stimulus	7	749	0.96	0.00029	9606.ENSP00000212015,9606.ENSP00000254719,9606.ENSP00000258149,9606.ENSP00000269305,9606.ENSP00000310670,9606.ENSP00000356150,9606.ENSP00000371475	SIRT1,RPA1,MDM2,TP53,CCAR2,MDM4,TP53BP1
GO:0042981	regulation of apoptotic process	9	1501	0.77	0.00032	9606.ENSP00000212015,9606.ENSP00000258149,9606.ENSP00000263212,9606.ENSP00000269305,9606.ENSP00000310670,9606.ENSP00000319192,9606.ENSP00000344456,9606.ENSP00000356150,9606.ENSP00000371267	SIRT1,MDM2,PPM1F,TP53,CCAR2,STK17A,CTNNB1,MDM4,YWHAQ
GO:0051726	regulation of cell cycle	8	1129	0.84	0.00036	9606.ENSP00000212015,9606.ENSP00000258149,9606.ENSP00000269305,9606.ENSP00000310670,9606.ENSP00000328773,9606.ENSP00000344456,9606.ENSP00000356150,9606.ENSP00000371475	SIRT1,MDM2,TP53,CCAR2,HEXIM1,CTNNB1,MDM4,TP53BP1
GO:0072331	signal transduction by p53 class mediator	4	128	1.49	0.00037	9606.ENSP00000212015,9606.ENSP00000258149,9606.ENSP00000269305,9606.ENSP00000356150	SIRT1,MDM2,TP53,MDM4
GO:0031323	regulation of cellular metabolic process	16	6082	0.41	0.00038	9606.ENSP00000212015,9606.ENSP00000258149,9606.ENSP00000263212,9606.ENSP00000269305,9606.ENSP00000310670,9606.ENSP00000319192,9606.ENSP00000328773,9606.ENSP00000329357,9606.ENSP00000338272,9606.ENSP00000339566,9606.ENSP00000344456,9606.ENSP00000356150,9606.ENSP00000371267,9606.ENSP00000371475,9606.ENSP00000406037,9606.ENSP00000425133	SIRT1,MDM2,PPM1F,TP53,CCAR2,STK17A,HEXIM1,SP1,HEY1,HIST1H1C,CTNNB1,MDM4,YWHAQ,TP53BP1,KAT8,SMG7
GO:0045786	negative regulation of cell cycle	6	517	1.06	0.00039	9606.ENSP00000258149,9606.ENSP00000269305,9606.ENSP00000328773,9606.ENSP00000344456,9606.ENSP00000356150,9606.ENSP00000371475	MDM2,TP53,HEXIM1,CTNNB1,MDM4,TP53BP1
GO:0072717	cellular response to actinomycin D	2	3	2.81	0.00039	9606.ENSP00000258149,9606.ENSP00000269305	MDM2,TP53
GO:0000077	DNA damage checkpoint	4	138	1.45	0.00044	9606.ENSP00000258149,9606.ENSP00000269305,9606.ENSP00000356150,9606.ENSP00000371475	MDM2,TP53,MDM4,TP53BP1
GO:0009411	response to UV	4	139	1.45	0.00045	9606.ENSP00000212015,9606.ENSP00000258149,9606.ENSP00000269305,9606.ENSP00000310670	SIRT1,MDM2,TP53,CCAR2
GO:0071456	cellular response to hypoxia	4	139	1.45	0.00045	9606.ENSP00000212015,9606.ENSP00000258149,9606.ENSP00000269305,9606.ENSP00000356150	SIRT1,MDM2,TP53,MDM4
GO:0035690	cellular response to drug	5	310	1.2	0.00047	9606.ENSP00000212015,9606.ENSP00000258149,9606.ENSP00000263212,9606.ENSP00000269305,9606.ENSP00000344456	SIRT1,MDM2,PPM1F,TP53,CTNNB1
GO:0048583	regulation of response to stimulus	13	3882	0.52	0.00049	9606.ENSP00000212015,9606.ENSP00000254719,9606.ENSP00000258149,9606.ENSP00000263212,9606.ENSP00000269305,9606.ENSP00000310670,9606.ENSP00000328773,9606.ENSP00000338272,9606.ENSP00000344456,9606.ENSP00000356150,9606.ENSP00000361186,9606.ENSP00000371267,9606.ENSP00000371475	SIRT1,RPA1,MDM2,PPM1F,TP53,CCAR2,HEXIM1,HEY1,CTNNB1,MDM4,TP53RK,YWHAQ,TP53BP1
GO:0006807	nitrogen compound metabolic process	18	8349	0.32	0.00050	9606.ENSP00000212015,9606.ENSP00000254719,9606.ENSP00000255977,9606.ENSP00000258149,9606.ENSP00000263212,9606.ENSP00000269305,9606.ENSP00000310670,9606.ENSP00000319192,9606.ENSP00000328773,9606.ENSP00000329357,9606.ENSP00000338272,9606.ENSP00000339566,9606.ENSP00000344456,9606.ENSP00000356150,9606.ENSP00000361186,9606.ENSP00000371475,9606.ENSP00000406037,9606.ENSP00000425133	SIRT1,RPA1,MKRN1,MDM2,PPM1F,TP53,CCAR2,STK17A,HEXIM1,SP1,HEY1,HIST1H1C,CTNNB1,MDM4,TP53RK,TP53BP1,KAT8,SMG7
GO:0051097	negative regulation of helicase activity	2	4	2.69	0.00050	9606.ENSP00000212015,9606.ENSP00000269305	SIRT1,TP53
GO:1900034	regulation of cellular response to heat	3	45	1.81	0.00050	9606.ENSP00000212015,9606.ENSP00000254719,9606.ENSP00000310670	SIRT1,RPA1,CCAR2
GO:2001242	regulation of intrinsic apoptotic signaling pathway	4	159	1.39	0.00057	9606.ENSP00000212015,9606.ENSP00000258149,9606.ENSP00000269305,9606.ENSP00000310670	SIRT1,MDM2,TP53,CCAR2
GO:0080135	regulation of cellular response to stress	6	618	0.98	0.00073	9606.ENSP00000212015,9606.ENSP00000254719,9606.ENSP00000258149,9606.ENSP00000310670,9606.ENSP00000344456,9606.ENSP00000371475	SIRT1,RPA1,MDM2,CCAR2,CTNNB1,TP53BP1
GO:0006977	DNA damage response, signal transduction by p53 class mediator resulting in cell cycle arrest	3	59	1.7	0.00088	9606.ENSP00000258149,9606.ENSP00000269305,9606.ENSP00000356150	MDM2,TP53,MDM4
GO:0010628	positive regulation of gene expression	9	1826	0.68	0.00091	9606.ENSP00000212015,9606.ENSP00000258149,9606.ENSP00000263212,9606.ENSP00000269305,9606.ENSP00000329357,9606.ENSP00000338272,9606.ENSP00000344456,9606.ENSP00000371475,9606.ENSP00000406037	SIRT1,MDM2,PPM1F,TP53,SP1,HEY1,CTNNB1,TP53BP1,KAT8
GO:0044238	primary metabolic process	18	8808	0.3	0.00091	9606.ENSP00000212015,9606.ENSP00000254719,9606.ENSP00000255977,9606.ENSP00000258149,9606.ENSP00000263212,9606.ENSP00000269305,9606.ENSP00000310670,9606.ENSP00000319192,9606.ENSP00000328773,9606.ENSP00000329357,9606.ENSP00000338272,9606.ENSP00000339566,9606.ENSP00000344456,9606.ENSP00000356150,9606.ENSP00000361186,9606.ENSP00000371475,9606.ENSP00000406037,9606.ENSP00000425133	SIRT1,RPA1,MKRN1,MDM2,PPM1F,TP53,CCAR2,STK17A,HEXIM1,SP1,HEY1,HIST1H1C,CTNNB1,MDM4,TP53RK,TP53BP1,KAT8,SMG7
GO:0090400	stress-induced premature senescence	2	8	2.39	0.00098	9606.ENSP00000212015,9606.ENSP00000269305	SIRT1,TP53
GO:0006325	chromatin organization	6	683	0.93	0.0010	9606.ENSP00000212015,9606.ENSP00000263212,9606.ENSP00000269305,9606.ENSP00000339566,9606.ENSP00000344456,9606.ENSP00000406037	SIRT1,PPM1F,TP53,HIST1H1C,CTNNB1,KAT8
GO:0034654	nucleobase-containing compound biosynthetic process	11	3031	0.55	0.0011	9606.ENSP00000212015,9606.ENSP00000254719,9606.ENSP00000269305,9606.ENSP00000310670,9606.ENSP00000328773,9606.ENSP00000329357,9606.ENSP00000338272,9606.ENSP00000344456,9606.ENSP00000371475,9606.ENSP00000406037,9606.ENSP00000425133	SIRT1,RPA1,TP53,CCAR2,HEXIM1,SP1,HEY1,CTNNB1,TP53BP1,KAT8,SMG7
GO:0009314	response to radiation	5	425	1.06	0.0012	9606.ENSP00000212015,9606.ENSP00000258149,9606.ENSP00000269305,9606.ENSP00000310670,9606.ENSP00000371475	SIRT1,MDM2,TP53,CCAR2,TP53BP1
GO:0051248	negative regulation of protein metabolic process	7	1075	0.8	0.0012	9606.ENSP00000212015,9606.ENSP00000258149,9606.ENSP00000263212,9606.ENSP00000310670,9606.ENSP00000328773,9606.ENSP00000344456,9606.ENSP00000356150	SIRT1,MDM2,PPM1F,CCAR2,HEXIM1,CTNNB1,MDM4
GO:2001234	negative regulation of apoptotic signaling pathway	4	218	1.25	0.0012	9606.ENSP00000212015,9606.ENSP00000258149,9606.ENSP00000310670,9606.ENSP00000344456	SIRT1,MDM2,CCAR2,CTNNB1
GO:0034644	cellular response to UV	3	78	1.58	0.0013	9606.ENSP00000212015,9606.ENSP00000258149,9606.ENSP00000269305	SIRT1,MDM2,TP53
GO:0044092	negative regulation of molecular function	7	1119	0.79	0.0014	9606.ENSP00000212015,9606.ENSP00000258149,9606.ENSP00000263212,9606.ENSP00000269305,9606.ENSP00000310670,9606.ENSP00000328773,9606.ENSP00000338272	SIRT1,MDM2,PPM1F,TP53,CCAR2,HEXIM1,HEY1
GO:1903827	regulation of cellular protein localization	5	465	1.02	0.0015	9606.ENSP00000212015,9606.ENSP00000258149,9606.ENSP00000269305,9606.ENSP00000344456,9606.ENSP00000371267	SIRT1,MDM2,TP53,CTNNB1,YWHAQ
GO:0031058	positive regulation of histone modification	3	86	1.53	0.0016	9606.ENSP00000212015,9606.ENSP00000269305,9606.ENSP00000344456	SIRT1,TP53,CTNNB1
GO:0006357	regulation of transcription by RNA polymerase II	10	2633	0.57	0.0017	9606.ENSP00000212015,9606.ENSP00000258149,9606.ENSP00000269305,9606.ENSP00000328773,9606.ENSP00000329357,9606.ENSP00000338272,9606.ENSP00000339566,9606.ENSP00000344456,9606.ENSP00000356150,9606.ENSP00000371475	SIRT1,MDM2,TP53,HEXIM1,SP1,HEY1,HIST1H1C,CTNNB1,MDM4,TP53BP1
GO:0045930	negative regulation of mitotic cell cycle	4	243	1.21	0.0017	9606.ENSP00000258149,9606.ENSP00000269305,9606.ENSP00000344456,9606.ENSP00000356150	MDM2,TP53,CTNNB1,MDM4
GO:0018205	peptidyl-lysine modification	4	250	1.19	0.0018	9606.ENSP00000212015,9606.ENSP00000258149,9606.ENSP00000339566,9606.ENSP00000406037	SIRT1,MDM2,HIST1H1C,KAT8
GO:0031647	regulation of protein stability	4	251	1.19	0.0018	9606.ENSP00000212015,9606.ENSP00000258149,9606.ENSP00000310670,9606.ENSP00000356150	SIRT1,MDM2,CCAR2,MDM4
GO:0043518	negative regulation of DNA damage response, signal transduction by p53 class mediator	2	14	2.15	0.0018	9606.ENSP00000212015,9606.ENSP00000258149	SIRT1,MDM2
GO:0048511	rhythmic process	4	250	1.19	0.0018	9606.ENSP00000212015,9606.ENSP00000269305,9606.ENSP00000310670,9606.ENSP00000329357	SIRT1,TP53,CCAR2,SP1
GO:0090304	nucleic acid metabolic process	12	3941	0.47	0.0018	9606.ENSP00000212015,9606.ENSP00000254719,9606.ENSP00000269305,9606.ENSP00000310670,9606.ENSP00000328773,9606.ENSP00000329357,9606.ENSP00000338272,9606.ENSP00000344456,9606.ENSP00000361186,9606.ENSP00000371475,9606.ENSP00000406037,9606.ENSP00000425133	SIRT1,RPA1,TP53,CCAR2,HEXIM1,SP1,HEY1,CTNNB1,TP53RK,TP53BP1,KAT8,SMG7
GO:0043086	negative regulation of catalytic activity	6	809	0.86	0.0019	9606.ENSP00000212015,9606.ENSP00000258149,9606.ENSP00000263212,9606.ENSP00000269305,9606.ENSP00000310670,9606.ENSP00000328773	SIRT1,MDM2,PPM1F,TP53,CCAR2,HEXIM1
GO:0071897	DNA biosynthetic process	3	95	1.49	0.0020	9606.ENSP00000212015,9606.ENSP00000254719,9606.ENSP00000425133	SIRT1,RPA1,SMG7
GO:2001243	negative regulation of intrinsic apoptotic signaling pathway	3	96	1.49	0.0020	9606.ENSP00000212015,9606.ENSP00000258149,9606.ENSP00000310670	SIRT1,MDM2,CCAR2
GO:0009894	regulation of catabolic process	6	840	0.84	0.0021	9606.ENSP00000212015,9606.ENSP00000258149,9606.ENSP00000310670,9606.ENSP00000356150,9606.ENSP00000406037,9606.ENSP00000425133	SIRT1,MDM2,CCAR2,MDM4,KAT8,SMG7
GO:0016070	RNA metabolic process	11	3430	0.5	0.0024	9606.ENSP00000212015,9606.ENSP00000269305,9606.ENSP00000310670,9606.ENSP00000328773,9606.ENSP00000329357,9606.ENSP00000338272,9606.ENSP00000344456,9606.ENSP00000361186,9606.ENSP00000371475,9606.ENSP00000406037,9606.ENSP00000425133	SIRT1,TP53,CCAR2,HEXIM1,SP1,HEY1,CTNNB1,TP53RK,TP53BP1,KAT8,SMG7
GO:0043066	negative regulation of apoptotic process	6	859	0.83	0.0024	9606.ENSP00000212015,9606.ENSP00000258149,9606.ENSP00000269305,9606.ENSP00000310670,9606.ENSP00000344456,9606.ENSP00000356150	SIRT1,MDM2,TP53,CCAR2,CTNNB1,MDM4
GO:0006289	nucleotide-excision repair	3	110	1.43	0.0026	9606.ENSP00000212015,9606.ENSP00000254719,9606.ENSP00000269305	SIRT1,RPA1,TP53
GO:0010638	positive regulation of organelle organization	5	552	0.95	0.0026	9606.ENSP00000212015,9606.ENSP00000263212,9606.ENSP00000269305,9606.ENSP00000344456,9606.ENSP00000371267	SIRT1,PPM1F,TP53,CTNNB1,YWHAQ
GO:0034645	cellular macromolecule biosynthetic process	11	3518	0.49	0.0027	9606.ENSP00000212015,9606.ENSP00000254719,9606.ENSP00000269305,9606.ENSP00000310670,9606.ENSP00000328773,9606.ENSP00000329357,9606.ENSP00000338272,9606.ENSP00000344456,9606.ENSP00000371475,9606.ENSP00000406037,9606.ENSP00000425133	SIRT1,RPA1,TP53,CCAR2,HEXIM1,SP1,HEY1,CTNNB1,TP53BP1,KAT8,SMG7
GO:0046822	regulation of nucleocytoplasmic transport	3	113	1.41	0.0027	9606.ENSP00000212015,9606.ENSP00000258149,9606.ENSP00000269305	SIRT1,MDM2,TP53
GO:0071236	cellular response to antibiotic	3	112	1.42	0.0027	9606.ENSP00000212015,9606.ENSP00000258149,9606.ENSP00000269305	SIRT1,MDM2,TP53
GO:0080134	regulation of response to stress	7	1299	0.72	0.0027	9606.ENSP00000212015,9606.ENSP00000254719,9606.ENSP00000258149,9606.ENSP00000310670,9606.ENSP00000328773,9606.ENSP00000344456,9606.ENSP00000371475	SIRT1,RPA1,MDM2,CCAR2,HEXIM1,CTNNB1,TP53BP1
GO:1902531	regulation of intracellular signal transduction	8	1764	0.65	0.0027	9606.ENSP00000212015,9606.ENSP00000258149,9606.ENSP00000269305,9606.ENSP00000310670,9606.ENSP00000328773,9606.ENSP00000344456,9606.ENSP00000356150,9606.ENSP00000361186	SIRT1,MDM2,TP53,CCAR2,HEXIM1,CTNNB1,MDM4,TP53RK
GO:0046827	positive regulation of protein export from nucleus	2	21	1.97	0.0030	9606.ENSP00000258149,9606.ENSP00000269305	MDM2,TP53
GO:1901342	regulation of vasculature development	4	305	1.11	0.0030	9606.ENSP00000212015,9606.ENSP00000329357,9606.ENSP00000338272,9606.ENSP00000344456	SIRT1,SP1,HEY1,CTNNB1
GO:0051348	negative regulation of transferase activity	4	310	1.1	0.0031	9606.ENSP00000212015,9606.ENSP00000263212,9606.ENSP00000269305,9606.ENSP00000328773	SIRT1,PPM1F,TP53,HEXIM1
GO:0003181	atrioventricular valve morphogenesis	2	22	1.95	0.0032	9606.ENSP00000258149,9606.ENSP00000338272	MDM2,HEY1
GO:0061311	cell surface receptor signaling pathway involved in heart development	2	22	1.95	0.0032	9606.ENSP00000338272,9606.ENSP00000344456	HEY1,CTNNB1
GO:1902254	negative regulation of intrinsic apoptotic signaling pathway by p53 class mediator	2	22	1.95	0.0032	9606.ENSP00000212015,9606.ENSP00000258149	SIRT1,MDM2
GO:0006464	cellular protein modification process	10	2999	0.51	0.0035	9606.ENSP00000212015,9606.ENSP00000255977,9606.ENSP00000258149,9606.ENSP00000263212,9606.ENSP00000269305,9606.ENSP00000319192,9606.ENSP00000339566,9606.ENSP00000356150,9606.ENSP00000361186,9606.ENSP00000406037	SIRT1,MKRN1,MDM2,PPM1F,TP53,STK17A,HIST1H1C,MDM4,TP53RK,KAT8
GO:0007346	regulation of mitotic cell cycle	5	608	0.91	0.0035	9606.ENSP00000212015,9606.ENSP00000258149,9606.ENSP00000269305,9606.ENSP00000344456,9606.ENSP00000356150	SIRT1,MDM2,TP53,CTNNB1,MDM4
GO:0071157	negative regulation of cell cycle arrest	2	24	1.91	0.0036	9606.ENSP00000258149,9606.ENSP00000356150	MDM2,MDM4
GO:0009966	regulation of signal transduction	10	3033	0.51	0.0037	9606.ENSP00000212015,9606.ENSP00000258149,9606.ENSP00000269305,9606.ENSP00000310670,9606.ENSP00000328773,9606.ENSP00000338272,9606.ENSP00000344456,9606.ENSP00000356150,9606.ENSP00000361186,9606.ENSP00000371267	SIRT1,MDM2,TP53,CCAR2,HEXIM1,HEY1,CTNNB1,MDM4,TP53RK,YWHAQ
GO:0016043	cellular component organization	13	5163	0.39	0.0037	9606.ENSP00000212015,9606.ENSP00000254719,9606.ENSP00000258149,9606.ENSP00000263212,9606.ENSP00000269305,9606.ENSP00000310670,9606.ENSP00000339566,9606.ENSP00000344456,9606.ENSP00000356150,9606.ENSP00000371267,9606.ENSP00000371475,9606.ENSP00000406037,9606.ENSP00000425133	SIRT1,RPA1,MDM2,PPM1F,TP53,CCAR2,HIST1H1C,CTNNB1,MDM4,YWHAQ,TP53BP1,KAT8,SMG7
GO:1900740	positive regulation of protein insertion into mitochondrial membrane involved in apoptotic signaling pathway	2	25	1.89	0.0038	9606.ENSP00000269305,9606.ENSP00000371267	TP53,YWHAQ
GO:0010634	positive regulation of epithelial cell migration	3	136	1.33	0.0039	9606.ENSP00000212015,9606.ENSP00000263212,9606.ENSP00000329357	SIRT1,PPM1F,SP1
GO:0010467	gene expression	11	3733	0.46	0.0040	9606.ENSP00000212015,9606.ENSP00000269305,9606.ENSP00000310670,9606.ENSP00000328773,9606.ENSP00000329357,9606.ENSP00000338272,9606.ENSP00000344456,9606.ENSP00000361186,9606.ENSP00000371475,9606.ENSP00000406037,9606.ENSP00000425133	SIRT1,TP53,CCAR2,HEXIM1,SP1,HEY1,CTNNB1,TP53RK,TP53BP1,KAT8,SMG7
GO:0045893	positive regulation of transcription, DNA-templated	7	1435	0.68	0.0041	9606.ENSP00000212015,9606.ENSP00000269305,9606.ENSP00000329357,9606.ENSP00000338272,9606.ENSP00000344456,9606.ENSP00000371475,9606.ENSP00000406037	SIRT1,TP53,SP1,HEY1,CTNNB1,TP53BP1,KAT8
GO:0016570	histone modification	4	347	1.05	0.0042	9606.ENSP00000212015,9606.ENSP00000263212,9606.ENSP00000339566,9606.ENSP00000406037	SIRT1,PPM1F,HIST1H1C,KAT8
GO:0032269	negative regulation of cellular protein metabolic process	6	1014	0.76	0.0042	9606.ENSP00000212015,9606.ENSP00000258149,9606.ENSP00000263212,9606.ENSP00000310670,9606.ENSP00000328773,9606.ENSP00000344456	SIRT1,MDM2,PPM1F,CCAR2,HEXIM1,CTNNB1
GO:0071480	cellular response to gamma radiation	2	27	1.86	0.0042	9606.ENSP00000258149,9606.ENSP00000269305	MDM2,TP53
GO:0006996	organelle organization	10	3131	0.49	0.0044	9606.ENSP00000212015,9606.ENSP00000254719,9606.ENSP00000263212,9606.ENSP00000269305,9606.ENSP00000310670,9606.ENSP00000339566,9606.ENSP00000344456,9606.ENSP00000371267,9606.ENSP00000406037,9606.ENSP00000425133	SIRT1,RPA1,PPM1F,TP53,CCAR2,HIST1H1C,CTNNB1,YWHAQ,KAT8,SMG7
GO:0044403	symbiont process	5	650	0.88	0.0044	9606.ENSP00000212015,9606.ENSP00000258149,9606.ENSP00000269305,9606.ENSP00000329357,9606.ENSP00000344456	SIRT1,MDM2,TP53,SP1,CTNNB1
GO:2000144	positive regulation of DNA-templated transcription, initiation	2	29	1.83	0.0046	9606.ENSP00000269305,9606.ENSP00000344456	TP53,CTNNB1
GO:0006351	transcription, DNA-templated	9	2569	0.53	0.0048	9606.ENSP00000212015,9606.ENSP00000269305,9606.ENSP00000310670,9606.ENSP00000328773,9606.ENSP00000329357,9606.ENSP00000338272,9606.ENSP00000344456,9606.ENSP00000371475,9606.ENSP00000406037	SIRT1,TP53,CCAR2,HEXIM1,SP1,HEY1,CTNNB1,TP53BP1,KAT8
GO:0009628	response to abiotic stimulus	6	1052	0.75	0.0048	9606.ENSP00000212015,9606.ENSP00000258149,9606.ENSP00000269305,9606.ENSP00000310670,9606.ENSP00000356150,9606.ENSP00000371475	SIRT1,MDM2,TP53,CCAR2,MDM4,TP53BP1
GO:0042771	intrinsic apoptotic signaling pathway in response to DNA damage by p53 class mediator	2	30	1.81	0.0048	9606.ENSP00000212015,9606.ENSP00000269305	SIRT1,TP53
GO:1902230	negative regulation of intrinsic apoptotic signaling pathway in response to DNA damage	2	30	1.81	0.0048	9606.ENSP00000212015,9606.ENSP00000310670	SIRT1,CCAR2
GO:2000108	positive regulation of leukocyte apoptotic process	2	30	1.81	0.0048	9606.ENSP00000212015,9606.ENSP00000269305	SIRT1,TP53
GO:0006979	response to oxidative stress	4	373	1.02	0.0049	9606.ENSP00000212015,9606.ENSP00000258149,9606.ENSP00000269305,9606.ENSP00000329357	SIRT1,MDM2,TP53,SP1
GO:0065003	protein-containing complex assembly	7	1514	0.66	0.0049	9606.ENSP00000254719,9606.ENSP00000258149,9606.ENSP00000269305,9606.ENSP00000339566,9606.ENSP00000344456,9606.ENSP00000356150,9606.ENSP00000371475	RPA1,MDM2,TP53,HIST1H1C,CTNNB1,MDM4,TP53BP1
GO:0003203	endocardial cushion morphogenesis	2	32	1.79	0.0050	9606.ENSP00000258149,9606.ENSP00000338272	MDM2,HEY1
GO:0051052	regulation of DNA metabolic process	4	381	1.01	0.0050	9606.ENSP00000212015,9606.ENSP00000269305,9606.ENSP00000344456,9606.ENSP00000371475	SIRT1,TP53,CTNNB1,TP53BP1
GO:0051145	smooth muscle cell differentiation	2	32	1.79	0.0050	9606.ENSP00000338272,9606.ENSP00000344456	HEY1,CTNNB1
GO:0097193	intrinsic apoptotic signaling pathway	3	158	1.27	0.0050	9606.ENSP00000212015,9606.ENSP00000263212,9606.ENSP00000269305	SIRT1,PPM1F,TP53
GO:0010165	response to X-ray	2	33	1.77	0.0051	9606.ENSP00000269305,9606.ENSP00000371475	TP53,TP53BP1
GO:0048584	positive regulation of response to stimulus	8	2054	0.58	0.0051	9606.ENSP00000212015,9606.ENSP00000263212,9606.ENSP00000269305,9606.ENSP00000310670,9606.ENSP00000328773,9606.ENSP00000344456,9606.ENSP00000371267,9606.ENSP00000371475	SIRT1,PPM1F,TP53,CCAR2,HEXIM1,CTNNB1,YWHAQ,TP53BP1
GO:0030308	negative regulation of cell growth	3	164	1.25	0.0053	9606.ENSP00000212015,9606.ENSP00000269305,9606.ENSP00000310670	SIRT1,TP53,CCAR2
GO:0050794	regulation of cellular process	18	10484	0.23	0.0053	9606.ENSP00000212015,9606.ENSP00000254719,9606.ENSP00000258149,9606.ENSP00000263212,9606.ENSP00000269305,9606.ENSP00000310670,9606.ENSP00000319192,9606.ENSP00000328773,9606.ENSP00000329357,9606.ENSP00000338272,9606.ENSP00000339566,9606.ENSP00000344456,9606.ENSP00000356150,9606.ENSP00000361186,9606.ENSP00000371267,9606.ENSP00000371475,9606.ENSP00000406037,9606.ENSP00000425133	SIRT1,RPA1,MDM2,PPM1F,TP53,CCAR2,STK17A,HEXIM1,SP1,HEY1,HIST1H1C,CTNNB1,MDM4,TP53RK,YWHAQ,TP53BP1,KAT8,SMG7
GO:0045944	positive regulation of transcription by RNA polymerase II	6	1104	0.73	0.0054	9606.ENSP00000212015,9606.ENSP00000269305,9606.ENSP00000329357,9606.ENSP00000338272,9606.ENSP00000344456,9606.ENSP00000371475	SIRT1,TP53,SP1,HEY1,CTNNB1,TP53BP1
GO:0031062	positive regulation of histone methylation	2	36	1.74	0.0057	9606.ENSP00000212015,9606.ENSP00000344456	SIRT1,CTNNB1
GO:0051130	positive regulation of cellular component organization	6	1128	0.72	0.0058	9606.ENSP00000212015,9606.ENSP00000254719,9606.ENSP00000263212,9606.ENSP00000269305,9606.ENSP00000344456,9606.ENSP00000371267	SIRT1,RPA1,PPM1F,TP53,CTNNB1,YWHAQ
GO:2001235	positive regulation of apoptotic signaling pathway	3	171	1.23	0.0058	9606.ENSP00000212015,9606.ENSP00000269305,9606.ENSP00000371267	SIRT1,TP53,YWHAQ
GO:0031329	regulation of cellular catabolic process	5	743	0.82	0.0061	9606.ENSP00000212015,9606.ENSP00000258149,9606.ENSP00000310670,9606.ENSP00000406037,9606.ENSP00000425133	SIRT1,MDM2,CCAR2,KAT8,SMG7
GO:0050679	positive regulation of epithelial cell proliferation	3	178	1.22	0.0062	9606.ENSP00000212015,9606.ENSP00000329357,9606.ENSP00000344456	SIRT1,SP1,CTNNB1
GO:0006284	base-excision repair	2	40	1.69	0.0065	9606.ENSP00000254719,9606.ENSP00000269305	RPA1,TP53
GO:1901652	response to peptide	4	431	0.96	0.0068	9606.ENSP00000212015,9606.ENSP00000258149,9606.ENSP00000269305,9606.ENSP00000329357	SIRT1,MDM2,TP53,SP1
GO:0006259	DNA metabolic process	5	773	0.8	0.0070	9606.ENSP00000212015,9606.ENSP00000254719,9606.ENSP00000269305,9606.ENSP00000371475,9606.ENSP00000425133	SIRT1,RPA1,TP53,TP53BP1,SMG7
GO:0031648	protein destabilization	2	42	1.67	0.0070	9606.ENSP00000212015,9606.ENSP00000258149	SIRT1,MDM2
GO:0060485	mesenchyme development	3	187	1.2	0.0070	9606.ENSP00000258149,9606.ENSP00000338272,9606.ENSP00000344456	MDM2,HEY1,CTNNB1
GO:0090311	regulation of protein deacetylation	2	42	1.67	0.0070	9606.ENSP00000269305,9606.ENSP00000310670	TP53,CCAR2
GO:1903202	negative regulation of oxidative stress-induced cell death	2	44	1.65	0.0075	9606.ENSP00000212015,9606.ENSP00000344456	SIRT1,CTNNB1
GO:0030335	positive regulation of cell migration	4	452	0.94	0.0078	9606.ENSP00000212015,9606.ENSP00000258149,9606.ENSP00000263212,9606.ENSP00000329357	SIRT1,MDM2,PPM1F,SP1
GO:0001568	blood vessel development	4	464	0.93	0.0082	9606.ENSP00000212015,9606.ENSP00000258149,9606.ENSP00000338272,9606.ENSP00000344456	SIRT1,MDM2,HEY1,CTNNB1
GO:0030099	myeloid cell differentiation	3	203	1.16	0.0082	9606.ENSP00000212015,9606.ENSP00000344456,9606.ENSP00000406037	SIRT1,CTNNB1,KAT8
GO:0033157	regulation of intracellular protein transport	3	201	1.16	0.0082	9606.ENSP00000212015,9606.ENSP00000258149,9606.ENSP00000269305	SIRT1,MDM2,TP53
GO:0072359	circulatory system development	5	807	0.78	0.0082	9606.ENSP00000212015,9606.ENSP00000258149,9606.ENSP00000328773,9606.ENSP00000338272,9606.ENSP00000344456	SIRT1,MDM2,HEXIM1,HEY1,CTNNB1
GO:0031669	cellular response to nutrient levels	3	206	1.15	0.0085	9606.ENSP00000212015,9606.ENSP00000258149,9606.ENSP00000269305	SIRT1,MDM2,TP53
GO:0000731	DNA synthesis involved in DNA repair	2	50	1.59	0.0087	9606.ENSP00000212015,9606.ENSP00000254719	SIRT1,RPA1
GO:0043281	regulation of cysteine-type endopeptidase activity involved in apoptotic process	3	209	1.15	0.0087	9606.ENSP00000212015,9606.ENSP00000258149,9606.ENSP00000263212	SIRT1,MDM2,PPM1F
GO:0043525	positive regulation of neuron apoptotic process	2	49	1.6	0.0087	9606.ENSP00000269305,9606.ENSP00000344456	TP53,CTNNB1
GO:0051054	positive regulation of DNA metabolic process	3	209	1.15	0.0087	9606.ENSP00000212015,9606.ENSP00000344456,9606.ENSP00000371475	SIRT1,CTNNB1,TP53BP1
GO:0051128	regulation of cellular component organization	8	2306	0.53	0.0087	9606.ENSP00000212015,9606.ENSP00000254719,9606.ENSP00000258149,9606.ENSP00000263212,9606.ENSP00000269305,9606.ENSP00000310670,9606.ENSP00000344456,9606.ENSP00000371267	SIRT1,RPA1,MDM2,PPM1F,TP53,CCAR2,CTNNB1,YWHAQ
GO:0051972	regulation of telomerase activity	2	49	1.6	0.0087	9606.ENSP00000269305,9606.ENSP00000344456	TP53,CTNNB1
GO:2000677	regulation of transcription regulatory region DNA binding	2	49	1.6	0.0087	9606.ENSP00000338272,9606.ENSP00000344456	HEY1,CTNNB1
GO:0007049	cell cycle	6	1263	0.67	0.0088	9606.ENSP00000254719,9606.ENSP00000258149,9606.ENSP00000269305,9606.ENSP00000310670,9606.ENSP00000344456,9606.ENSP00000356150	RPA1,MDM2,TP53,CCAR2,CTNNB1,MDM4
GO:0007507	heart development	4	485	0.91	0.0091	9606.ENSP00000258149,9606.ENSP00000328773,9606.ENSP00000338272,9606.ENSP00000344456	MDM2,HEXIM1,HEY1,CTNNB1
GO:0051173	positive regulation of nitrogen compound metabolic process	9	2946	0.48	0.0091	9606.ENSP00000212015,9606.ENSP00000258149,9606.ENSP00000263212,9606.ENSP00000269305,9606.ENSP00000329357,9606.ENSP00000338272,9606.ENSP00000344456,9606.ENSP00000371475,9606.ENSP00000406037	SIRT1,MDM2,PPM1F,TP53,SP1,HEY1,CTNNB1,TP53BP1,KAT8
GO:0071417	cellular response to organonitrogen compound	4	485	0.91	0.0091	9606.ENSP00000258149,9606.ENSP00000269305,9606.ENSP00000329357,9606.ENSP00000344456	MDM2,TP53,SP1,CTNNB1
GO:0006281	DNA repair	4	491	0.9	0.0093	9606.ENSP00000212015,9606.ENSP00000254719,9606.ENSP00000269305,9606.ENSP00000371475	SIRT1,RPA1,TP53,TP53BP1
GO:0034599	cellular response to oxidative stress	3	222	1.12	0.0096	9606.ENSP00000212015,9606.ENSP00000258149,9606.ENSP00000269305	SIRT1,MDM2,TP53
GO:0044089	positive regulation of cellular component biogenesis	4	498	0.9	0.0096	9606.ENSP00000254719,9606.ENSP00000263212,9606.ENSP00000269305,9606.ENSP00000344456	RPA1,PPM1F,TP53,CTNNB1
GO:0065004	protein-DNA complex assembly	3	223	1.12	0.0096	9606.ENSP00000254719,9606.ENSP00000269305,9606.ENSP00000339566	RPA1,TP53,HIST1H1C
GO:0043536	positive regulation of blood vessel endothelial cell migration	2	55	1.55	0.0098	9606.ENSP00000212015,9606.ENSP00000329357	SIRT1,SP1
GO:2001244	positive regulation of intrinsic apoptotic signaling pathway	2	56	1.54	0.0100	9606.ENSP00000212015,9606.ENSP00000269305	SIRT1,TP53
GO:0010243	response to organonitrogen compound	5	876	0.75	0.0101	9606.ENSP00000212015,9606.ENSP00000258149,9606.ENSP00000269305,9606.ENSP00000329357,9606.ENSP00000344456	SIRT1,MDM2,TP53,SP1,CTNNB1
GO:0022402	cell cycle process	5	890	0.74	0.0107	9606.ENSP00000254719,9606.ENSP00000258149,9606.ENSP00000269305,9606.ENSP00000344456,9606.ENSP00000356150	RPA1,MDM2,TP53,CTNNB1,MDM4
GO:1901701	cellular response to oxygen-containing compound	5	896	0.74	0.0108	9606.ENSP00000212015,9606.ENSP00000258149,9606.ENSP00000269305,9606.ENSP00000329357,9606.ENSP00000344456	SIRT1,MDM2,TP53,SP1,CTNNB1
GO:0031325	positive regulation of cellular metabolic process	9	3060	0.46	0.0110	9606.ENSP00000212015,9606.ENSP00000258149,9606.ENSP00000263212,9606.ENSP00000269305,9606.ENSP00000329357,9606.ENSP00000338272,9606.ENSP00000344456,9606.ENSP00000371475,9606.ENSP00000406037	SIRT1,MDM2,PPM1F,TP53,SP1,HEY1,CTNNB1,TP53BP1,KAT8
GO:0031334	positive regulation of protein complex assembly	3	241	1.09	0.0112	9606.ENSP00000254719,9606.ENSP00000269305,9606.ENSP00000344456	RPA1,TP53,CTNNB1
GO:0006915	apoptotic process	5	915	0.73	0.0116	9606.ENSP00000212015,9606.ENSP00000263212,9606.ENSP00000269305,9606.ENSP00000310670,9606.ENSP00000319192	SIRT1,PPM1F,TP53,CCAR2,STK17A
GO:0070301	cellular response to hydrogen peroxide	2	64	1.49	0.0121	9606.ENSP00000212015,9606.ENSP00000258149	SIRT1,MDM2
GO:0006469	negative regulation of protein kinase activity	3	254	1.06	0.0126	9606.ENSP00000212015,9606.ENSP00000263212,9606.ENSP00000328773	SIRT1,PPM1F,HEXIM1
GO:0070647	protein modification by small protein conjugation or removal	5	945	0.71	0.0130	9606.ENSP00000212015,9606.ENSP00000255977,9606.ENSP00000258149,9606.ENSP00000269305,9606.ENSP00000356150	SIRT1,MKRN1,MDM2,TP53,MDM4
GO:0001837	epithelial to mesenchymal transition	2	68	1.46	0.0132	9606.ENSP00000338272,9606.ENSP00000344456	HEY1,CTNNB1
GO:1903047	mitotic cell cycle process	4	564	0.84	0.0135	9606.ENSP00000254719,9606.ENSP00000258149,9606.ENSP00000269305,9606.ENSP00000356150	RPA1,MDM2,TP53,MDM4
GO:0003281	ventricular septum development	2	70	1.45	0.0139	9606.ENSP00000258149,9606.ENSP00000338272	MDM2,HEY1
GO:0016032	viral process	4	571	0.84	0.0139	9606.ENSP00000212015,9606.ENSP00000258149,9606.ENSP00000269305,9606.ENSP00000329357	SIRT1,MDM2,TP53,SP1
GO:0051338	regulation of transferase activity	5	964	0.71	0.0139	9606.ENSP00000212015,9606.ENSP00000263212,9606.ENSP00000269305,9606.ENSP00000328773,9606.ENSP00000344456	SIRT1,PPM1F,TP53,HEXIM1,CTNNB1
GO:0044085	cellular component biogenesis	8	2556	0.49	0.0141	9606.ENSP00000212015,9606.ENSP00000254719,9606.ENSP00000258149,9606.ENSP00000269305,9606.ENSP00000339566,9606.ENSP00000344456,9606.ENSP00000356150,9606.ENSP00000371475	SIRT1,RPA1,MDM2,TP53,HIST1H1C,CTNNB1,MDM4,TP53BP1
GO:0045446	endothelial cell differentiation	2	71	1.44	0.0141	9606.ENSP00000338272,9606.ENSP00000344456	HEY1,CTNNB1
GO:0032870	cellular response to hormone stimulus	4	585	0.83	0.0147	9606.ENSP00000212015,9606.ENSP00000258149,9606.ENSP00000329357,9606.ENSP00000344456	SIRT1,MDM2,SP1,CTNNB1
GO:0016579	protein deubiquitination	3	275	1.03	0.0148	9606.ENSP00000258149,9606.ENSP00000269305,9606.ENSP00000356150	MDM2,TP53,MDM4
GO:0060411	cardiac septum morphogenesis	2	74	1.42	0.0148	9606.ENSP00000258149,9606.ENSP00000338272	MDM2,HEY1
GO:0045765	regulation of angiogenesis	3	277	1.03	0.0149	9606.ENSP00000212015,9606.ENSP00000329357,9606.ENSP00000344456	SIRT1,SP1,CTNNB1
GO:0031400	negative regulation of protein modification process	4	592	0.82	0.0151	9606.ENSP00000212015,9606.ENSP00000263212,9606.ENSP00000328773,9606.ENSP00000344456	SIRT1,PPM1F,HEXIM1,CTNNB1
GO:0006950	response to stress	9	3267	0.43	0.0156	9606.ENSP00000212015,9606.ENSP00000254719,9606.ENSP00000258149,9606.ENSP00000269305,9606.ENSP00000310670,9606.ENSP00000328773,9606.ENSP00000329357,9606.ENSP00000356150,9606.ENSP00000371475	SIRT1,RPA1,MDM2,TP53,CCAR2,HEXIM1,SP1,MDM4,TP53BP1
GO:0048585	negative regulation of response to stimulus	6	1483	0.6	0.0157	9606.ENSP00000212015,9606.ENSP00000258149,9606.ENSP00000310670,9606.ENSP00000338272,9606.ENSP00000344456,9606.ENSP00000371475	SIRT1,MDM2,CCAR2,HEY1,CTNNB1,TP53BP1
GO:0060249	anatomical structure homeostasis	3	285	1.01	0.0159	9606.ENSP00000254719,9606.ENSP00000344456,9606.ENSP00000425133	RPA1,CTNNB1,SMG7
GO:0009967	positive regulation of signal transduction	6	1493	0.59	0.0160	9606.ENSP00000212015,9606.ENSP00000269305,9606.ENSP00000310670,9606.ENSP00000328773,9606.ENSP00000344456,9606.ENSP00000371267	SIRT1,TP53,CCAR2,HEXIM1,CTNNB1,YWHAQ
GO:1901214	regulation of neuron death	3	288	1.01	0.0161	9606.ENSP00000212015,9606.ENSP00000269305,9606.ENSP00000344456	SIRT1,TP53,CTNNB1
GO:1903829	positive regulation of cellular protein localization	3	287	1.01	0.0161	9606.ENSP00000258149,9606.ENSP00000269305,9606.ENSP00000371267	MDM2,TP53,YWHAQ
GO:1901653	cellular response to peptide	3	289	1.01	0.0162	9606.ENSP00000258149,9606.ENSP00000269305,9606.ENSP00000329357	MDM2,TP53,SP1
GO:0051246	regulation of protein metabolic process	8	2668	0.47	0.0170	9606.ENSP00000212015,9606.ENSP00000258149,9606.ENSP00000263212,9606.ENSP00000269305,9606.ENSP00000310670,9606.ENSP00000328773,9606.ENSP00000344456,9606.ENSP00000356150	SIRT1,MDM2,PPM1F,TP53,CCAR2,HEXIM1,CTNNB1,MDM4
GO:0065009	regulation of molecular function	9	3322	0.42	0.0170	9606.ENSP00000212015,9606.ENSP00000258149,9606.ENSP00000263212,9606.ENSP00000269305,9606.ENSP00000310670,9606.ENSP00000328773,9606.ENSP00000338272,9606.ENSP00000344456,9606.ENSP00000371475	SIRT1,MDM2,PPM1F,TP53,CCAR2,HEXIM1,HEY1,CTNNB1,TP53BP1
GO:0001525	angiogenesis	3	297	0.99	0.0173	9606.ENSP00000212015,9606.ENSP00000338272,9606.ENSP00000344456	SIRT1,HEY1,CTNNB1
GO:0035556	intracellular signal transduction	6	1528	0.58	0.0174	9606.ENSP00000212015,9606.ENSP00000258149,9606.ENSP00000263212,9606.ENSP00000269305,9606.ENSP00000319192,9606.ENSP00000356150	SIRT1,MDM2,PPM1F,TP53,STK17A,MDM4
GO:0048145	regulation of fibroblast proliferation	2	84	1.37	0.0175	9606.ENSP00000269305,9606.ENSP00000344456	TP53,CTNNB1
GO:0050810	regulation of steroid biosynthetic process	2	84	1.37	0.0175	9606.ENSP00000212015,9606.ENSP00000329357	SIRT1,SP1
GO:2001022	positive regulation of response to DNA damage stimulus	2	84	1.37	0.0175	9606.ENSP00000212015,9606.ENSP00000310670	SIRT1,CCAR2
GO:0051149	positive regulation of muscle cell differentiation	2	85	1.36	0.0177	9606.ENSP00000212015,9606.ENSP00000344456	SIRT1,CTNNB1
GO:0016567	protein ubiquitination	4	645	0.78	0.0187	9606.ENSP00000212015,9606.ENSP00000255977,9606.ENSP00000258149,9606.ENSP00000356150	SIRT1,MKRN1,MDM2,MDM4
GO:0001938	positive regulation of endothelial cell proliferation	2	89	1.34	0.0188	9606.ENSP00000212015,9606.ENSP00000329357	SIRT1,SP1
GO:0070201	regulation of establishment of protein localization	4	662	0.77	0.0201	9606.ENSP00000212015,9606.ENSP00000258149,9606.ENSP00000269305,9606.ENSP00000371267	SIRT1,MDM2,TP53,YWHAQ
GO:0002821	positive regulation of adaptive immune response	2	93	1.32	0.0202	9606.ENSP00000212015,9606.ENSP00000371475	SIRT1,TP53BP1
GO:0040008	regulation of growth	4	663	0.77	0.0202	9606.ENSP00000212015,9606.ENSP00000263212,9606.ENSP00000269305,9606.ENSP00000310670	SIRT1,PPM1F,TP53,CCAR2
GO:0042127	regulation of cell population proliferation	6	1594	0.57	0.0202	9606.ENSP00000212015,9606.ENSP00000258149,9606.ENSP00000269305,9606.ENSP00000329357,9606.ENSP00000344456,9606.ENSP00000356150	SIRT1,MDM2,TP53,SP1,CTNNB1,MDM4
GO:0048771	tissue remodeling	2	94	1.32	0.0204	9606.ENSP00000258149,9606.ENSP00000344456	MDM2,CTNNB1
GO:0071495	cellular response to endogenous stimulus	5	1106	0.65	0.0211	9606.ENSP00000212015,9606.ENSP00000258149,9606.ENSP00000269305,9606.ENSP00000329357,9606.ENSP00000344456	SIRT1,MDM2,TP53,SP1,CTNNB1
GO:0042752	regulation of circadian rhythm	2	98	1.3	0.0219	9606.ENSP00000269305,9606.ENSP00000310670	TP53,CCAR2
GO:0010564	regulation of cell cycle process	4	684	0.76	0.0220	9606.ENSP00000258149,9606.ENSP00000269305,9606.ENSP00000344456,9606.ENSP00000356150	MDM2,TP53,CTNNB1,MDM4
GO:0000723	telomere maintenance	2	101	1.29	0.0228	9606.ENSP00000254719,9606.ENSP00000425133	RPA1,SMG7
GO:0006282	regulation of DNA repair	2	101	1.29	0.0228	9606.ENSP00000212015,9606.ENSP00000371475	SIRT1,TP53BP1
GO:0002573	myeloid leukocyte differentiation	2	102	1.28	0.0231	9606.ENSP00000212015,9606.ENSP00000344456	SIRT1,CTNNB1
GO:0019220	regulation of phosphate metabolic process	6	1657	0.55	0.0234	9606.ENSP00000212015,9606.ENSP00000263212,9606.ENSP00000269305,9606.ENSP00000328773,9606.ENSP00000344456,9606.ENSP00000425133	SIRT1,PPM1F,TP53,HEXIM1,CTNNB1,SMG7
GO:0045862	positive regulation of proteolysis	3	347	0.93	0.0236	9606.ENSP00000212015,9606.ENSP00000258149,9606.ENSP00000263212	SIRT1,MDM2,PPM1F
GO:0018394	peptidyl-lysine acetylation	2	104	1.27	0.0237	9606.ENSP00000212015,9606.ENSP00000406037	SIRT1,KAT8
GO:0065008	regulation of biological quality	9	3559	0.39	0.0241	9606.ENSP00000212015,9606.ENSP00000254719,9606.ENSP00000258149,9606.ENSP00000269305,9606.ENSP00000310670,9606.ENSP00000344456,9606.ENSP00000356150,9606.ENSP00000371267,9606.ENSP00000425133	SIRT1,RPA1,MDM2,TP53,CCAR2,CTNNB1,MDM4,YWHAQ,SMG7
GO:0050790	regulation of catalytic activity	7	2249	0.48	0.0242	9606.ENSP00000212015,9606.ENSP00000258149,9606.ENSP00000263212,9606.ENSP00000269305,9606.ENSP00000310670,9606.ENSP00000328773,9606.ENSP00000344456	SIRT1,MDM2,PPM1F,TP53,CCAR2,HEXIM1,CTNNB1
GO:0009968	negative regulation of signal transduction	5	1160	0.62	0.0244	9606.ENSP00000212015,9606.ENSP00000258149,9606.ENSP00000310670,9606.ENSP00000338272,9606.ENSP00000344456	SIRT1,MDM2,CCAR2,HEY1,CTNNB1
GO:0034401	chromatin organization involved in regulation of transcription	2	108	1.26	0.0250	9606.ENSP00000212015,9606.ENSP00000344456	SIRT1,CTNNB1
GO:0043434	response to peptide hormone	3	362	0.91	0.0259	9606.ENSP00000212015,9606.ENSP00000258149,9606.ENSP00000329357	SIRT1,MDM2,SP1
GO:0042176	regulation of protein catabolic process	3	368	0.9	0.0268	9606.ENSP00000258149,9606.ENSP00000310670,9606.ENSP00000356150	MDM2,CCAR2,MDM4
GO:0030162	regulation of proteolysis	4	742	0.72	0.0274	9606.ENSP00000212015,9606.ENSP00000258149,9606.ENSP00000263212,9606.ENSP00000310670	SIRT1,MDM2,PPM1F,CCAR2
GO:0031399	regulation of protein modification process	6	1747	0.53	0.0287	9606.ENSP00000212015,9606.ENSP00000263212,9606.ENSP00000269305,9606.ENSP00000310670,9606.ENSP00000328773,9606.ENSP00000344456	SIRT1,PPM1F,TP53,CCAR2,HEXIM1,CTNNB1
GO:0042177	negative regulation of protein catabolic process	2	121	1.21	0.0298	9606.ENSP00000310670,9606.ENSP00000356150	CCAR2,MDM4
GO:0043280	positive regulation of cysteine-type endopeptidase activity involved in apoptotic process	2	123	1.2	0.0306	9606.ENSP00000212015,9606.ENSP00000263212	SIRT1,PPM1F
GO:0007292	female gamete generation	2	126	1.19	0.0315	9606.ENSP00000212015,9606.ENSP00000344456	SIRT1,CTNNB1
GO:0048660	regulation of smooth muscle cell proliferation	2	126	1.19	0.0315	9606.ENSP00000258149,9606.ENSP00000344456	MDM2,CTNNB1
GO:1904951	positive regulation of establishment of protein localization	3	397	0.87	0.0315	9606.ENSP00000258149,9606.ENSP00000269305,9606.ENSP00000371267	MDM2,TP53,YWHAQ
GO:0051090	regulation of DNA-binding transcription factor activity	3	403	0.86	0.0322	9606.ENSP00000212015,9606.ENSP00000344456,9606.ENSP00000371475	SIRT1,CTNNB1,TP53BP1
GO:0048608	reproductive structure development	3	405	0.86	0.0325	9606.ENSP00000212015,9606.ENSP00000338272,9606.ENSP00000344456	SIRT1,HEY1,CTNNB1
GO:0071901	negative regulation of protein serine/threonine kinase activity	2	130	1.18	0.0326	9606.ENSP00000212015,9606.ENSP00000328773	SIRT1,HEXIM1
GO:0032434	regulation of proteasomal ubiquitin-dependent protein catabolic process	2	131	1.17	0.0329	9606.ENSP00000258149,9606.ENSP00000310670	MDM2,CCAR2
GO:0051053	negative regulation of DNA metabolic process	2	134	1.16	0.0342	9606.ENSP00000269305,9606.ENSP00000371475	TP53,TP53BP1
GO:0051716	cellular response to stimulus	12	6212	0.28	0.0347	9606.ENSP00000212015,9606.ENSP00000254719,9606.ENSP00000258149,9606.ENSP00000263212,9606.ENSP00000269305,9606.ENSP00000310670,9606.ENSP00000319192,9606.ENSP00000329357,9606.ENSP00000338272,9606.ENSP00000344456,9606.ENSP00000356150,9606.ENSP00000371475	SIRT1,RPA1,MDM2,PPM1F,TP53,CCAR2,STK17A,SP1,HEY1,CTNNB1,MDM4,TP53BP1
GO:0007623	circadian rhythm	2	137	1.15	0.0354	9606.ENSP00000212015,9606.ENSP00000269305	SIRT1,TP53
GO:0009267	cellular response to starvation	2	137	1.15	0.0354	9606.ENSP00000212015,9606.ENSP00000269305	SIRT1,TP53
GO:0007005	mitochondrion organization	3	424	0.84	0.0358	9606.ENSP00000269305,9606.ENSP00000310670,9606.ENSP00000371267	TP53,CCAR2,YWHAQ
GO:0032268	regulation of cellular protein metabolic process	7	2486	0.44	0.0367	9606.ENSP00000212015,9606.ENSP00000258149,9606.ENSP00000263212,9606.ENSP00000269305,9606.ENSP00000310670,9606.ENSP00000328773,9606.ENSP00000344456	SIRT1,MDM2,PPM1F,TP53,CCAR2,HEXIM1,CTNNB1
GO:2000026	regulation of multicellular organismal development	6	1876	0.5	0.0369	9606.ENSP00000212015,9606.ENSP00000258149,9606.ENSP00000329357,9606.ENSP00000338272,9606.ENSP00000344456,9606.ENSP00000371475	SIRT1,MDM2,SP1,HEY1,CTNNB1,TP53BP1
GO:0051346	negative regulation of hydrolase activity	3	438	0.83	0.0385	9606.ENSP00000212015,9606.ENSP00000258149,9606.ENSP00000269305	SIRT1,MDM2,TP53
GO:0032879	regulation of localization	7	2524	0.43	0.0395	9606.ENSP00000212015,9606.ENSP00000258149,9606.ENSP00000263212,9606.ENSP00000269305,9606.ENSP00000329357,9606.ENSP00000344456,9606.ENSP00000371267	SIRT1,MDM2,PPM1F,TP53,SP1,CTNNB1,YWHAQ
GO:0034613	cellular protein localization	5	1367	0.55	0.0415	9606.ENSP00000254719,9606.ENSP00000258149,9606.ENSP00000269305,9606.ENSP00000344456,9606.ENSP00000425133	RPA1,MDM2,TP53,CTNNB1,SMG7
GO:0001932	regulation of protein phosphorylation	5	1370	0.55	0.0417	9606.ENSP00000212015,9606.ENSP00000263212,9606.ENSP00000269305,9606.ENSP00000328773,9606.ENSP00000344456	SIRT1,PPM1F,TP53,HEXIM1,CTNNB1
GO:0031497	chromatin assembly	2	154	1.1	0.0420	9606.ENSP00000269305,9606.ENSP00000339566	TP53,HIST1H1C
GO:0061061	muscle structure development	3	457	0.81	0.0420	9606.ENSP00000212015,9606.ENSP00000338272,9606.ENSP00000344456	SIRT1,HEY1,CTNNB1
GO:0008284	positive regulation of cell population proliferation	4	878	0.65	0.0425	9606.ENSP00000212015,9606.ENSP00000258149,9606.ENSP00000329357,9606.ENSP00000344456	SIRT1,MDM2,SP1,CTNNB1
GO:0051050	positive regulation of transport	4	892	0.64	0.0443	9606.ENSP00000212015,9606.ENSP00000258149,9606.ENSP00000269305,9606.ENSP00000371267	SIRT1,MDM2,TP53,YWHAQ
GO:0045766	positive regulation of angiogenesis	2	162	1.08	0.0451	9606.ENSP00000212015,9606.ENSP00000329357	SIRT1,SP1
GO:0071363	cellular response to growth factor stimulus	3	477	0.79	0.0458	9606.ENSP00000212015,9606.ENSP00000258149,9606.ENSP00000344456	SIRT1,MDM2,CTNNB1
GO:0043122	regulation of I-kappaB kinase/NF-kappaB signaling	2	167	1.07	0.0474	9606.ENSP00000212015,9606.ENSP00000344456	SIRT1,CTNNB1
GO:2000377	regulation of reactive oxygen species metabolic process	2	169	1.06	0.0481	9606.ENSP00000269305,9606.ENSP00000319192	TP53,STK17A
